1,6,2006-02-15 10:07:09.000000
2,11,2006-02-15 10:07:09.000000
3,6,2006-02-15 10:07:09.000000
4,11,2006-02-15 10:07:09.000000
5,8,2006-02-15 10:07:09.000000
6,9,2006-02-15 10:07:09.000000
7,5,2006-02-15 10:07:09.000000
8,11,2006-02-15 10:07:09.000000
9,11,2006-02-15 10:07:09.000000
10,15,2006-02-15 10:07:09.000000
11,9,2006-02-15 10:07:09.000000
12,12,2006-02-15 10:07:09.000000
13,11,2006-02-15 10:07:09.000000
14,4,2006-02-15 10:07:09.000000
15,9,2006-02-15 10:07:09.000000
16,9,2006-02-15 10:07:09.000000
17,12,2006-02-15 10:07:09.000000
18,2,2006-02-15 10:07:09.000000
19,1,2006-02-15 10:07:09.000000
20,12,2006-02-15 10:07:09.000000
21,1,2006-02-15 10:07:09.000000
22,13,2006-02-15 10:07:09.000000
23,2,2006-02-15 10:07:09.000000
24,11,2006-02-15 10:07:09.000000
25,13,2006-02-15 10:07:09.000000
26,14,2006-02-15 10:07:09.000000
27,15,2006-02-15 10:07:09.000000
28,5,2006-02-15 10:07:09.000000
29,1,2006-02-15 10:07:09.000000
30,11,2006-02-15 10:07:09.000000
31,8,2006-02-15 10:07:09.000000
32,13,2006-02-15 10:07:09.000000
33,7,2006-02-15 10:07:09.000000
34,11,2006-02-15 10:07:09.000000
35,11,2006-02-15 10:07:09.000000
36,2,2006-02-15 10:07:09.000000
37,4,2006-02-15 10:07:09.000000
38,1,2006-02-15 10:07:09.000000
39,14,2006-02-15 10:07:09.000000
40,6,2006-02-15 10:07:09.000000
41,16,2006-02-15 10:07:09.000000
42,15,2006-02-15 10:07:09.000000
43,8,2006-02-15 10:07:09.000000
44,14,2006-02-15 10:07:09.000000
45,13,2006-02-15 10:07:09.000000
46,10,2006-02-15 10:07:09.000000
47,9,2006-02-15 10:07:09.000000
48,3,2006-02-15 10:07:09.000000
49,14,2006-02-15 10:07:09.000000
50,8,2006-02-15 10:07:09.000000
51,12,2006-02-15 10:07:09.000000
52,9,2006-02-15 10:07:09.000000
53,8,2006-02-15 10:07:09.000000
54,12,2006-02-15 10:07:09.000000
55,14,2006-02-15 10:07:09.000000
56,1,2006-02-15 10:07:09.000000
57,16,2006-02-15 10:07:09.000000
58,6,2006-02-15 10:07:09.000000
59,3,2006-02-15 10:07:09.000000
60,4,2006-02-15 10:07:09.000000
61,7,2006-02-15 10:07:09.000000
62,6,2006-02-15 10:07:09.000000
63,8,2006-02-15 10:07:09.000000
64,7,2006-02-15 10:07:09.000000
65,11,2006-02-15 10:07:09.000000
66,3,2006-02-15 10:07:09.000000
67,1,2006-02-15 10:07:09.000000
68,3,2006-02-15 10:07:09.000000
69,14,2006-02-15 10:07:09.000000
70,2,2006-02-15 10:07:09.000000
71,8,2006-02-15 10:07:09.000000
72,6,2006-02-15 10:07:09.000000
73,14,2006-02-15 10:07:09.000000
74,12,2006-02-15 10:07:09.000000
75,16,2006-02-15 10:07:09.000000
76,12,2006-02-15 10:07:09.000000
77,13,2006-02-15 10:07:09.000000
78,2,2006-02-15 10:07:09.000000
79,7,2006-02-15 10:07:09.000000
80,8,2006-02-15 10:07:09.000000
81,14,2006-02-15 10:07:09.000000
82,8,2006-02-15 10:07:09.000000
83,8,2006-02-15 10:07:09.000000
84,16,2006-02-15 10:07:09.000000
85,6,2006-02-15 10:07:09.000000
86,12,2006-02-15 10:07:09.000000
87,16,2006-02-15 10:07:09.000000
88,16,2006-02-15 10:07:09.000000
89,2,2006-02-15 10:07:09.000000
90,13,2006-02-15 10:07:09.000000
91,4,2006-02-15 10:07:09.000000
92,11,2006-02-15 10:07:09.000000
93,13,2006-02-15 10:07:09.000000
94,8,2006-02-15 10:07:09.000000
95,13,2006-02-15 10:07:09.000000
96,13,2006-02-15 10:07:09.000000
97,1,2006-02-15 10:07:09.000000
98,7,2006-02-15 10:07:09.000000
99,5,2006-02-15 10:07:09.000000
100,9,2006-02-15 10:07:09.000000
101,6,2006-02-15 10:07:09.000000
102,15,2006-02-15 10:07:09.000000
103,16,2006-02-15 10:07:09.000000
104,9,2006-02-15 10:07:09.000000
105,1,2006-02-15 10:07:09.000000
106,10,2006-02-15 10:07:09.000000
107,7,2006-02-15 10:07:09.000000
108,13,2006-02-15 10:07:09.000000
109,13,2006-02-15 10:07:09.000000
110,3,2006-02-15 10:07:09.000000
111,1,2006-02-15 10:07:09.000000
112,9,2006-02-15 10:07:09.000000
113,15,2006-02-15 10:07:09.000000
114,14,2006-02-15 10:07:09.000000
115,1,2006-02-15 10:07:09.000000
116,4,2006-02-15 10:07:09.000000
117,10,2006-02-15 10:07:09.000000
118,2,2006-02-15 10:07:09.000000
119,5,2006-02-15 10:07:09.000000
120,15,2006-02-15 10:07:09.000000
121,2,2006-02-15 10:07:09.000000
122,11,2006-02-15 10:07:09.000000
123,16,2006-02-15 10:07:09.000000
124,3,2006-02-15 10:07:09.000000
125,16,2006-02-15 10:07:09.000000
126,1,2006-02-15 10:07:09.000000
127,5,2006-02-15 10:07:09.000000
128,9,2006-02-15 10:07:09.000000
129,6,2006-02-15 10:07:09.000000
130,1,2006-02-15 10:07:09.000000
131,4,2006-02-15 10:07:09.000000
132,14,2006-02-15 10:07:09.000000
133,12,2006-02-15 10:07:09.000000
134,2,2006-02-15 10:07:09.000000
135,15,2006-02-15 10:07:09.000000
136,13,2006-02-15 10:07:09.000000
137,14,2006-02-15 10:07:09.000000
138,14,2006-02-15 10:07:09.000000
139,8,2006-02-15 10:07:09.000000
140,14,2006-02-15 10:07:09.000000
141,10,2006-02-15 10:07:09.000000
142,6,2006-02-15 10:07:09.000000
143,7,2006-02-15 10:07:09.000000
144,13,2006-02-15 10:07:09.000000
145,8,2006-02-15 10:07:09.000000
146,7,2006-02-15 10:07:09.000000
147,8,2006-02-15 10:07:09.000000
148,9,2006-02-15 10:07:09.000000
149,3,2006-02-15 10:07:09.000000
150,6,2006-02-15 10:07:09.000000
151,14,2006-02-15 10:07:09.000000
152,3,2006-02-15 10:07:09.000000
153,14,2006-02-15 10:07:09.000000
154,2,2006-02-15 10:07:09.000000
155,13,2006-02-15 10:07:09.000000
156,6,2006-02-15 10:07:09.000000
157,3,2006-02-15 10:07:09.000000
158,12,2006-02-15 10:07:09.000000
159,5,2006-02-15 10:07:09.000000
160,2,2006-02-15 10:07:09.000000
161,12,2006-02-15 10:07:09.000000
162,1,2006-02-15 10:07:09.000000
163,13,2006-02-15 10:07:09.000000
164,6,2006-02-15 10:07:09.000000
165,14,2006-02-15 10:07:09.000000
166,4,2006-02-15 10:07:09.000000
167,16,2006-02-15 10:07:09.000000
168,3,2006-02-15 10:07:09.000000
169,16,2006-02-15 10:07:09.000000
170,9,2006-02-15 10:07:09.000000
171,11,2006-02-15 10:07:09.000000
172,7,2006-02-15 10:07:09.000000
173,7,2006-02-15 10:07:09.000000
174,12,2006-02-15 10:07:09.000000
175,8,2006-02-15 10:07:09.000000
176,15,2006-02-15 10:07:09.000000
177,14,2006-02-15 10:07:09.000000
178,5,2006-02-15 10:07:09.000000
179,7,2006-02-15 10:07:09.000000
180,4,2006-02-15 10:07:09.000000
181,16,2006-02-15 10:07:09.000000
182,5,2006-02-15 10:07:09.000000
183,8,2006-02-15 10:07:09.000000
184,4,2006-02-15 10:07:09.000000
185,9,2006-02-15 10:07:09.000000
186,7,2006-02-15 10:07:09.000000
187,15,2006-02-15 10:07:09.000000
188,5,2006-02-15 10:07:09.000000
189,10,2006-02-15 10:07:09.000000
190,4,2006-02-15 10:07:09.000000
191,3,2006-02-15 10:07:09.000000
192,9,2006-02-15 10:07:09.000000
193,2,2006-02-15 10:07:09.000000
194,1,2006-02-15 10:07:09.000000
195,14,2006-02-15 10:07:09.000000
196,4,2006-02-15 10:07:09.000000
197,15,2006-02-15 10:07:09.000000
198,9,2006-02-15 10:07:09.000000
199,6,2006-02-15 10:07:09.000000
200,10,2006-02-15 10:07:09.000000
201,9,2006-02-15 10:07:09.000000
202,5,2006-02-15 10:07:09.000000
203,14,2006-02-15 10:07:09.000000
204,7,2006-02-15 10:07:09.000000
205,1,2006-02-15 10:07:09.000000
206,6,2006-02-15 10:07:09.000000
207,9,2006-02-15 10:07:09.000000
208,2,2006-02-15 10:07:09.000000
209,7,2006-02-15 10:07:09.000000
210,1,2006-02-15 10:07:09.000000
211,10,2006-02-15 10:07:09.000000
212,1,2006-02-15 10:07:09.000000
213,8,2006-02-15 10:07:09.000000
214,3,2006-02-15 10:07:09.000000
215,10,2006-02-15 10:07:09.000000
216,13,2006-02-15 10:07:09.000000
217,10,2006-02-15 10:07:09.000000
218,7,2006-02-15 10:07:09.000000
219,6,2006-02-15 10:07:09.000000
220,12,2006-02-15 10:07:09.000000
221,6,2006-02-15 10:07:09.000000
222,11,2006-02-15 10:07:09.000000
223,2,2006-02-15 10:07:09.000000
224,16,2006-02-15 10:07:09.000000
225,7,2006-02-15 10:07:09.000000
226,13,2006-02-15 10:07:09.000000
227,10,2006-02-15 10:07:09.000000
228,4,2006-02-15 10:07:09.000000
229,1,2006-02-15 10:07:09.000000
230,7,2006-02-15 10:07:09.000000
231,8,2006-02-15 10:07:09.000000
232,10,2006-02-15 10:07:09.000000
233,16,2006-02-15 10:07:09.000000
234,14,2006-02-15 10:07:09.000000
235,14,2006-02-15 10:07:09.000000
236,10,2006-02-15 10:07:09.000000
237,15,2006-02-15 10:07:09.000000
238,3,2006-02-15 10:07:09.000000
239,2,2006-02-15 10:07:09.000000
240,14,2006-02-15 10:07:09.000000
241,2,2006-02-15 10:07:09.000000
242,5,2006-02-15 10:07:09.000000
243,2,2006-02-15 10:07:09.000000
244,12,2006-02-15 10:07:09.000000
245,2,2006-02-15 10:07:09.000000
246,9,2006-02-15 10:07:09.000000
247,5,2006-02-15 10:07:09.000000
248,6,2006-02-15 10:07:09.000000
249,4,2006-02-15 10:07:09.000000
250,1,2006-02-15 10:07:09.000000
251,13,2006-02-15 10:07:09.000000
252,1,2006-02-15 10:07:09.000000
253,1,2006-02-15 10:07:09.000000
254,15,2006-02-15 10:07:09.000000
255,12,2006-02-15 10:07:09.000000
256,15,2006-02-15 10:07:09.000000
257,16,2006-02-15 10:07:09.000000
258,11,2006-02-15 10:07:09.000000
259,2,2006-02-15 10:07:09.000000
260,15,2006-02-15 10:07:09.000000
261,6,2006-02-15 10:07:09.000000
262,8,2006-02-15 10:07:09.000000
263,15,2006-02-15 10:07:09.000000
264,10,2006-02-15 10:07:09.000000
265,5,2006-02-15 10:07:09.000000
266,4,2006-02-15 10:07:09.000000
267,13,2006-02-15 10:07:09.000000
268,2,2006-02-15 10:07:09.000000
269,8,2006-02-15 10:07:09.000000
270,13,2006-02-15 10:07:09.000000
271,1,2006-02-15 10:07:09.000000
272,7,2006-02-15 10:07:09.000000
273,8,2006-02-15 10:07:09.000000
274,6,2006-02-15 10:07:09.000000
275,11,2006-02-15 10:07:09.000000
276,5,2006-02-15 10:07:09.000000
277,11,2006-02-15 10:07:09.000000
278,12,2006-02-15 10:07:09.000000
279,15,2006-02-15 10:07:09.000000
280,3,2006-02-15 10:07:09.000000
281,10,2006-02-15 10:07:09.000000
282,7,2006-02-15 10:07:09.000000
283,13,2006-02-15 10:07:09.000000
284,12,2006-02-15 10:07:09.000000
285,14,2006-02-15 10:07:09.000000
286,16,2006-02-15 10:07:09.000000
287,1,2006-02-15 10:07:09.000000
288,16,2006-02-15 10:07:09.000000
289,13,2006-02-15 10:07:09.000000
290,9,2006-02-15 10:07:09.000000
291,15,2006-02-15 10:07:09.000000
292,1,2006-02-15 10:07:09.000000
293,15,2006-02-15 10:07:09.000000
294,16,2006-02-15 10:07:09.000000
295,6,2006-02-15 10:07:09.000000
296,14,2006-02-15 10:07:09.000000
297,4,2006-02-15 10:07:09.000000
298,14,2006-02-15 10:07:09.000000
299,16,2006-02-15 10:07:09.000000
300,2,2006-02-15 10:07:09.000000
301,11,2006-02-15 10:07:09.000000
302,10,2006-02-15 10:07:09.000000
303,1,2006-02-15 10:07:09.000000
304,3,2006-02-15 10:07:09.000000
305,13,2006-02-15 10:07:09.000000
306,10,2006-02-15 10:07:09.000000
307,16,2006-02-15 10:07:09.000000
308,5,2006-02-15 10:07:09.000000
309,8,2006-02-15 10:07:09.000000
310,10,2006-02-15 10:07:09.000000
311,9,2006-02-15 10:07:09.000000
312,14,2006-02-15 10:07:09.000000
313,11,2006-02-15 10:07:09.000000
314,2,2006-02-15 10:07:09.000000
315,8,2006-02-15 10:07:09.000000
316,10,2006-02-15 10:07:09.000000
317,5,2006-02-15 10:07:09.000000
318,1,2006-02-15 10:07:09.000000
319,14,2006-02-15 10:07:09.000000
320,13,2006-02-15 10:07:09.000000
321,13,2006-02-15 10:07:09.000000
322,15,2006-02-15 10:07:09.000000
323,15,2006-02-15 10:07:09.000000
324,5,2006-02-15 10:07:09.000000
325,2,2006-02-15 10:07:09.000000
326,2,2006-02-15 10:07:09.000000
327,1,2006-02-15 10:07:09.000000
328,3,2006-02-15 10:07:09.000000
329,1,2006-02-15 10:07:09.000000
330,2,2006-02-15 10:07:09.000000
331,10,2006-02-15 10:07:09.000000
332,5,2006-02-15 10:07:09.000000
333,12,2006-02-15 10:07:09.000000
334,11,2006-02-15 10:07:09.000000
335,5,2006-02-15 10:07:09.000000
336,6,2006-02-15 10:07:09.000000
337,9,2006-02-15 10:07:09.000000
338,14,2006-02-15 10:07:09.000000
339,16,2006-02-15 10:07:09.000000
340,13,2006-02-15 10:07:09.000000
341,4,2006-02-15 10:07:09.000000
342,16,2006-02-15 10:07:09.000000
343,3,2006-02-15 10:07:09.000000
344,3,2006-02-15 10:07:09.000000
345,8,2006-02-15 10:07:09.000000
346,4,2006-02-15 10:07:09.000000
347,16,2006-02-15 10:07:09.000000
348,8,2006-02-15 10:07:09.000000
349,2,2006-02-15 10:07:09.000000
350,14,2006-02-15 10:07:09.000000
351,11,2006-02-15 10:07:09.000000
352,10,2006-02-15 10:07:09.000000
353,9,2006-02-15 10:07:09.000000
354,3,2006-02-15 10:07:09.000000
355,2,2006-02-15 10:07:09.000000
356,3,2006-02-15 10:07:09.000000
357,4,2006-02-15 10:07:09.000000
358,4,2006-02-15 10:07:09.000000
359,8,2006-02-15 10:07:09.000000
360,1,2006-02-15 10:07:09.000000
361,15,2006-02-15 10:07:09.000000
362,10,2006-02-15 10:07:09.000000
363,12,2006-02-15 10:07:09.000000
364,13,2006-02-15 10:07:09.000000
365,5,2006-02-15 10:07:09.000000
366,7,2006-02-15 10:07:09.000000
367,14,2006-02-15 10:07:09.000000
368,7,2006-02-15 10:07:09.000000
369,14,2006-02-15 10:07:09.000000
370,3,2006-02-15 10:07:09.000000
371,1,2006-02-15 10:07:09.000000
372,15,2006-02-15 10:07:09.000000
373,3,2006-02-15 10:07:09.000000
374,14,2006-02-15 10:07:09.000000
375,1,2006-02-15 10:07:09.000000
376,9,2006-02-15 10:07:09.000000
377,8,2006-02-15 10:07:09.000000
378,12,2006-02-15 10:07:09.000000
379,7,2006-02-15 10:07:09.000000
380,9,2006-02-15 10:07:09.000000
381,10,2006-02-15 10:07:09.000000
382,10,2006-02-15 10:07:09.000000
383,15,2006-02-15 10:07:09.000000
384,12,2006-02-15 10:07:09.000000
385,5,2006-02-15 10:07:09.000000
386,16,2006-02-15 10:07:09.000000
387,10,2006-02-15 10:07:09.000000
388,5,2006-02-15 10:07:09.000000
389,15,2006-02-15 10:07:09.000000
390,14,2006-02-15 10:07:09.000000
391,8,2006-02-15 10:07:09.000000
392,3,2006-02-15 10:07:09.000000
393,6,2006-02-15 10:07:09.000000
394,14,2006-02-15 10:07:09.000000
395,1,2006-02-15 10:07:09.000000
396,7,2006-02-15 10:07:09.000000
397,14,2006-02-15 10:07:09.000000
398,12,2006-02-15 10:07:09.000000
399,9,2006-02-15 10:07:09.000000
400,6,2006-02-15 10:07:09.000000
401,7,2006-02-15 10:07:09.000000
402,2,2006-02-15 10:07:09.000000
403,7,2006-02-15 10:07:09.000000
404,5,2006-02-15 10:07:09.000000
405,16,2006-02-15 10:07:09.000000
406,10,2006-02-15 10:07:09.000000
407,6,2006-02-15 10:07:09.000000
408,10,2006-02-15 10:07:09.000000
409,3,2006-02-15 10:07:09.000000
410,5,2006-02-15 10:07:09.000000
411,12,2006-02-15 10:07:09.000000
412,6,2006-02-15 10:07:09.000000
413,5,2006-02-15 10:07:09.000000
414,9,2006-02-15 10:07:09.000000
415,11,2006-02-15 10:07:09.000000
416,9,2006-02-15 10:07:09.000000
417,1,2006-02-15 10:07:09.000000
418,7,2006-02-15 10:07:09.000000
419,8,2006-02-15 10:07:09.000000
420,15,2006-02-15 10:07:09.000000
421,9,2006-02-15 10:07:09.000000
422,14,2006-02-15 10:07:09.000000
423,3,2006-02-15 10:07:09.000000
424,3,2006-02-15 10:07:09.000000
425,4,2006-02-15 10:07:09.000000
426,12,2006-02-15 10:07:09.000000
427,6,2006-02-15 10:07:09.000000
428,8,2006-02-15 10:07:09.000000
429,15,2006-02-15 10:07:09.000000
430,2,2006-02-15 10:07:09.000000
431,9,2006-02-15 10:07:09.000000
432,4,2006-02-15 10:07:09.000000
433,2,2006-02-15 10:07:09.000000
434,16,2006-02-15 10:07:09.000000
435,9,2006-02-15 10:07:09.000000
436,13,2006-02-15 10:07:09.000000
437,8,2006-02-15 10:07:09.000000
438,10,2006-02-15 10:07:09.000000
439,7,2006-02-15 10:07:09.000000
440,9,2006-02-15 10:07:09.000000
441,6,2006-02-15 10:07:09.000000
442,8,2006-02-15 10:07:09.000000
443,5,2006-02-15 10:07:09.000000
444,5,2006-02-15 10:07:09.000000
445,4,2006-02-15 10:07:09.000000
446,15,2006-02-15 10:07:09.000000
447,10,2006-02-15 10:07:09.000000
448,13,2006-02-15 10:07:09.000000
449,14,2006-02-15 10:07:09.000000
450,3,2006-02-15 10:07:09.000000
451,16,2006-02-15 10:07:09.000000
452,9,2006-02-15 10:07:09.000000
453,15,2006-02-15 10:07:09.000000
454,12,2006-02-15 10:07:09.000000
455,9,2006-02-15 10:07:09.000000
456,2,2006-02-15 10:07:09.000000
457,6,2006-02-15 10:07:09.000000
458,8,2006-02-15 10:07:09.000000
459,9,2006-02-15 10:07:09.000000
460,9,2006-02-15 10:07:09.000000
461,2,2006-02-15 10:07:09.000000
462,12,2006-02-15 10:07:09.000000
463,15,2006-02-15 10:07:09.000000
464,2,2006-02-15 10:07:09.000000
465,13,2006-02-15 10:07:09.000000
466,6,2006-02-15 10:07:09.000000
467,9,2006-02-15 10:07:09.000000
468,3,2006-02-15 10:07:09.000000
469,4,2006-02-15 10:07:09.000000
470,2,2006-02-15 10:07:09.000000
471,4,2006-02-15 10:07:09.000000
472,16,2006-02-15 10:07:09.000000
473,7,2006-02-15 10:07:09.000000
474,15,2006-02-15 10:07:09.000000
475,11,2006-02-15 10:07:09.000000
476,8,2006-02-15 10:07:09.000000
477,12,2006-02-15 10:07:09.000000
478,5,2006-02-15 10:07:09.000000
479,8,2006-02-15 10:07:09.000000
480,4,2006-02-15 10:07:09.000000
481,13,2006-02-15 10:07:09.000000
482,4,2006-02-15 10:07:09.000000
483,10,2006-02-15 10:07:09.000000
484,4,2006-02-15 10:07:09.000000
485,3,2006-02-15 10:07:09.000000
486,9,2006-02-15 10:07:09.000000
487,4,2006-02-15 10:07:09.000000
488,15,2006-02-15 10:07:09.000000
489,2,2006-02-15 10:07:09.000000
490,13,2006-02-15 10:07:09.000000
491,3,2006-02-15 10:07:09.000000
492,13,2006-02-15 10:07:09.000000
493,9,2006-02-15 10:07:09.000000
494,11,2006-02-15 10:07:09.000000
495,11,2006-02-15 10:07:09.000000
496,16,2006-02-15 10:07:09.000000
497,6,2006-02-15 10:07:09.000000
498,8,2006-02-15 10:07:09.000000
499,8,2006-02-15 10:07:09.000000
500,9,2006-02-15 10:07:09.000000
501,1,2006-02-15 10:07:09.000000
502,5,2006-02-15 10:07:09.000000
503,15,2006-02-15 10:07:09.000000
504,7,2006-02-15 10:07:09.000000
505,3,2006-02-15 10:07:09.000000
506,11,2006-02-15 10:07:09.000000
507,10,2006-02-15 10:07:09.000000
508,10,2006-02-15 10:07:09.000000
509,3,2006-02-15 10:07:09.000000
510,2,2006-02-15 10:07:09.000000
511,1,2006-02-15 10:07:09.000000
512,4,2006-02-15 10:07:09.000000
513,16,2006-02-15 10:07:09.000000
514,7,2006-02-15 10:07:09.000000
515,3,2006-02-15 10:07:09.000000
516,12,2006-02-15 10:07:09.000000
517,15,2006-02-15 10:07:09.000000
518,16,2006-02-15 10:07:09.000000
519,15,2006-02-15 10:07:09.000000
520,14,2006-02-15 10:07:09.000000
521,7,2006-02-15 10:07:09.000000
522,5,2006-02-15 10:07:09.000000
523,4,2006-02-15 10:07:09.000000
524,5,2006-02-15 10:07:09.000000
525,4,2006-02-15 10:07:09.000000
526,16,2006-02-15 10:07:09.000000
527,11,2006-02-15 10:07:09.000000
528,8,2006-02-15 10:07:09.000000
529,5,2006-02-15 10:07:09.000000
530,1,2006-02-15 10:07:09.000000
531,9,2006-02-15 10:07:09.000000
532,15,2006-02-15 10:07:09.000000
533,9,2006-02-15 10:07:09.000000
534,8,2006-02-15 10:07:09.000000
535,11,2006-02-15 10:07:09.000000
536,4,2006-02-15 10:07:09.000000
537,4,2006-02-15 10:07:09.000000
538,13,2006-02-15 10:07:09.000000
539,7,2006-02-15 10:07:09.000000
540,12,2006-02-15 10:07:09.000000
541,2,2006-02-15 10:07:09.000000
542,1,2006-02-15 10:07:09.000000
543,16,2006-02-15 10:07:09.000000
544,6,2006-02-15 10:07:09.000000
545,9,2006-02-15 10:07:09.000000
546,10,2006-02-15 10:07:09.000000
547,3,2006-02-15 10:07:09.000000
548,4,2006-02-15 10:07:09.000000
549,1,2006-02-15 10:07:09.000000
550,8,2006-02-15 10:07:09.000000
551,13,2006-02-15 10:07:09.000000
552,6,2006-02-15 10:07:09.000000
553,3,2006-02-15 10:07:09.000000
554,4,2006-02-15 10:07:09.000000
555,5,2006-02-15 10:07:09.000000
556,10,2006-02-15 10:07:09.000000
557,8,2006-02-15 10:07:09.000000
558,13,2006-02-15 10:07:09.000000
559,14,2006-02-15 10:07:09.000000
560,10,2006-02-15 10:07:09.000000
561,13,2006-02-15 10:07:09.000000
562,12,2006-02-15 10:07:09.000000
563,10,2006-02-15 10:07:09.000000
564,2,2006-02-15 10:07:09.000000
565,9,2006-02-15 10:07:09.000000
566,9,2006-02-15 10:07:09.000000
567,9,2006-02-15 10:07:09.000000
568,5,2006-02-15 10:07:09.000000
569,2,2006-02-15 10:07:09.000000
570,15,2006-02-15 10:07:09.000000
571,6,2006-02-15 10:07:09.000000
572,14,2006-02-15 10:07:09.000000
573,3,2006-02-15 10:07:09.000000
574,1,2006-02-15 10:07:09.000000
575,6,2006-02-15 10:07:09.000000
576,6,2006-02-15 10:07:09.000000
577,15,2006-02-15 10:07:09.000000
578,4,2006-02-15 10:07:09.000000
579,1,2006-02-15 10:07:09.000000
580,13,2006-02-15 10:07:09.000000
581,12,2006-02-15 10:07:09.000000
582,2,2006-02-15 10:07:09.000000
583,2,2006-02-15 10:07:09.000000
584,9,2006-02-15 10:07:09.000000
585,7,2006-02-15 10:07:09.000000
586,1,2006-02-15 10:07:09.000000
587,6,2006-02-15 10:07:09.000000
588,3,2006-02-15 10:07:09.000000
589,6,2006-02-15 10:07:09.000000
590,13,2006-02-15 10:07:09.000000
591,10,2006-02-15 10:07:09.000000
592,12,2006-02-15 10:07:09.000000
593,11,2006-02-15 10:07:09.000000
594,1,2006-02-15 10:07:09.000000
595,9,2006-02-15 10:07:09.000000
596,10,2006-02-15 10:07:09.000000
597,10,2006-02-15 10:07:09.000000
598,15,2006-02-15 10:07:09.000000
599,15,2006-02-15 10:07:09.000000
600,11,2006-02-15 10:07:09.000000
601,16,2006-02-15 10:07:09.000000
602,14,2006-02-15 10:07:09.000000
603,8,2006-02-15 10:07:09.000000
604,5,2006-02-15 10:07:09.000000
605,9,2006-02-15 10:07:09.000000
606,15,2006-02-15 10:07:09.000000
607,9,2006-02-15 10:07:09.000000
608,3,2006-02-15 10:07:09.000000
609,16,2006-02-15 10:07:09.000000
610,8,2006-02-15 10:07:09.000000
611,4,2006-02-15 10:07:09.000000
612,15,2006-02-15 10:07:09.000000
613,5,2006-02-15 10:07:09.000000
614,10,2006-02-15 10:07:09.000000
615,2,2006-02-15 10:07:09.000000
616,6,2006-02-15 10:07:09.000000
617,8,2006-02-15 10:07:09.000000
618,7,2006-02-15 10:07:09.000000
619,15,2006-02-15 10:07:09.000000
620,14,2006-02-15 10:07:09.000000
621,8,2006-02-15 10:07:09.000000
622,6,2006-02-15 10:07:09.000000
623,9,2006-02-15 10:07:09.000000
624,10,2006-02-15 10:07:09.000000
625,14,2006-02-15 10:07:09.000000
626,3,2006-02-15 10:07:09.000000
627,6,2006-02-15 10:07:09.000000
628,15,2006-02-15 10:07:09.000000
629,6,2006-02-15 10:07:09.000000
630,7,2006-02-15 10:07:09.000000
631,15,2006-02-15 10:07:09.000000
632,13,2006-02-15 10:07:09.000000
633,4,2006-02-15 10:07:09.000000
634,8,2006-02-15 10:07:09.000000
635,13,2006-02-15 10:07:09.000000
636,12,2006-02-15 10:07:09.000000
637,14,2006-02-15 10:07:09.000000
638,5,2006-02-15 10:07:09.000000
639,8,2006-02-15 10:07:09.000000
640,9,2006-02-15 10:07:09.000000
641,9,2006-02-15 10:07:09.000000
642,16,2006-02-15 10:07:09.000000
643,7,2006-02-15 10:07:09.000000
644,2,2006-02-15 10:07:09.000000
645,16,2006-02-15 10:07:09.000000
646,10,2006-02-15 10:07:09.000000
647,12,2006-02-15 10:07:09.000000
648,16,2006-02-15 10:07:09.000000
649,2,2006-02-15 10:07:09.000000
650,6,2006-02-15 10:07:09.000000
651,2,2006-02-15 10:07:09.000000
652,4,2006-02-15 10:07:09.000000
653,11,2006-02-15 10:07:09.000000
654,10,2006-02-15 10:07:09.000000
655,14,2006-02-15 10:07:09.000000
656,16,2006-02-15 10:07:09.000000
657,5,2006-02-15 10:07:09.000000
658,11,2006-02-15 10:07:09.000000
659,1,2006-02-15 10:07:09.000000
660,5,2006-02-15 10:07:09.000000
661,9,2006-02-15 10:07:09.000000
662,7,2006-02-15 10:07:09.000000
663,4,2006-02-15 10:07:09.000000
664,1,2006-02-15 10:07:09.000000
665,11,2006-02-15 10:07:09.000000
666,7,2006-02-15 10:07:09.000000
667,15,2006-02-15 10:07:09.000000
668,15,2006-02-15 10:07:09.000000
669,9,2006-02-15 10:07:09.000000
670,6,2006-02-15 10:07:09.000000
671,15,2006-02-15 10:07:09.000000
672,5,2006-02-15 10:07:09.000000
673,12,2006-02-15 10:07:09.000000
674,9,2006-02-15 10:07:09.000000
675,13,2006-02-15 10:07:09.000000
676,15,2006-02-15 10:07:09.000000
677,13,2006-02-15 10:07:09.000000
678,15,2006-02-15 10:07:09.000000
679,8,2006-02-15 10:07:09.000000
680,5,2006-02-15 10:07:09.000000
681,15,2006-02-15 10:07:09.000000
682,8,2006-02-15 10:07:09.000000
683,7,2006-02-15 10:07:09.000000
684,10,2006-02-15 10:07:09.000000
685,13,2006-02-15 10:07:09.000000
686,13,2006-02-15 10:07:09.000000
687,6,2006-02-15 10:07:09.000000
688,3,2006-02-15 10:07:09.000000
689,9,2006-02-15 10:07:09.000000
690,2,2006-02-15 10:07:09.000000
691,15,2006-02-15 10:07:09.000000
692,2,2006-02-15 10:07:09.000000
693,2,2006-02-15 10:07:09.000000
694,4,2006-02-15 10:07:09.000000
695,8,2006-02-15 10:07:09.000000
696,2,2006-02-15 10:07:09.000000
697,1,2006-02-15 10:07:09.000000
698,6,2006-02-15 10:07:09.000000
699,10,2006-02-15 10:07:09.000000
700,8,2006-02-15 10:07:09.000000
701,10,2006-02-15 10:07:09.000000
702,11,2006-02-15 10:07:09.000000
703,2,2006-02-15 10:07:09.000000
704,5,2006-02-15 10:07:09.000000
705,9,2006-02-15 10:07:09.000000
706,7,2006-02-15 10:07:09.000000
707,1,2006-02-15 10:07:09.000000
708,6,2006-02-15 10:07:09.000000
709,7,2006-02-15 10:07:09.000000
710,8,2006-02-15 10:07:09.000000
711,14,2006-02-15 10:07:09.000000
712,6,2006-02-15 10:07:09.000000
713,6,2006-02-15 10:07:09.000000
714,14,2006-02-15 10:07:09.000000
715,8,2006-02-15 10:07:09.000000
716,11,2006-02-15 10:07:09.000000
717,1,2006-02-15 10:07:09.000000
718,12,2006-02-15 10:07:09.000000
719,15,2006-02-15 10:07:09.000000
720,13,2006-02-15 10:07:09.000000
721,12,2006-02-15 10:07:09.000000
722,11,2006-02-15 10:07:09.000000
723,14,2006-02-15 10:07:09.000000
724,8,2006-02-15 10:07:09.000000
725,4,2006-02-15 10:07:09.000000
726,9,2006-02-15 10:07:09.000000
727,8,2006-02-15 10:07:09.000000
728,7,2006-02-15 10:07:09.000000
729,15,2006-02-15 10:07:09.000000
730,13,2006-02-15 10:07:09.000000
731,4,2006-02-15 10:07:09.000000
732,1,2006-02-15 10:07:09.000000
733,15,2006-02-15 10:07:09.000000
734,6,2006-02-15 10:07:09.000000
735,3,2006-02-15 10:07:09.000000
736,8,2006-02-15 10:07:09.000000
737,11,2006-02-15 10:07:09.000000
738,9,2006-02-15 10:07:09.000000
739,7,2006-02-15 10:07:09.000000
740,11,2006-02-15 10:07:09.000000
741,12,2006-02-15 10:07:09.000000
742,10,2006-02-15 10:07:09.000000
743,2,2006-02-15 10:07:09.000000
744,4,2006-02-15 10:07:09.000000
745,15,2006-02-15 10:07:09.000000
746,10,2006-02-15 10:07:09.000000
747,10,2006-02-15 10:07:09.000000
748,1,2006-02-15 10:07:09.000000
749,11,2006-02-15 10:07:09.000000
750,13,2006-02-15 10:07:09.000000
751,13,2006-02-15 10:07:09.000000
752,12,2006-02-15 10:07:09.000000
753,8,2006-02-15 10:07:09.000000
754,5,2006-02-15 10:07:09.000000
755,3,2006-02-15 10:07:09.000000
756,5,2006-02-15 10:07:09.000000
757,6,2006-02-15 10:07:09.000000
758,7,2006-02-15 10:07:09.000000
759,13,2006-02-15 10:07:09.000000
760,13,2006-02-15 10:07:09.000000
761,3,2006-02-15 10:07:09.000000
762,10,2006-02-15 10:07:09.000000
763,15,2006-02-15 10:07:09.000000
764,15,2006-02-15 10:07:09.000000
765,5,2006-02-15 10:07:09.000000
766,7,2006-02-15 10:07:09.000000
767,12,2006-02-15 10:07:09.000000
768,3,2006-02-15 10:07:09.000000
769,9,2006-02-15 10:07:09.000000
770,9,2006-02-15 10:07:09.000000
771,7,2006-02-15 10:07:09.000000
772,7,2006-02-15 10:07:09.000000
773,15,2006-02-15 10:07:09.000000
774,5,2006-02-15 10:07:09.000000
775,7,2006-02-15 10:07:09.000000
776,6,2006-02-15 10:07:09.000000
777,15,2006-02-15 10:07:09.000000
778,8,2006-02-15 10:07:09.000000
779,15,2006-02-15 10:07:09.000000
780,8,2006-02-15 10:07:09.000000
781,10,2006-02-15 10:07:09.000000
782,15,2006-02-15 10:07:09.000000
783,16,2006-02-15 10:07:09.000000
784,16,2006-02-15 10:07:09.000000
785,16,2006-02-15 10:07:09.000000
786,3,2006-02-15 10:07:09.000000
787,16,2006-02-15 10:07:09.000000
788,6,2006-02-15 10:07:09.000000
789,9,2006-02-15 10:07:09.000000
790,7,2006-02-15 10:07:09.000000
791,6,2006-02-15 10:07:09.000000
792,9,2006-02-15 10:07:09.000000
793,1,2006-02-15 10:07:09.000000
794,1,2006-02-15 10:07:09.000000
795,8,2006-02-15 10:07:09.000000
796,15,2006-02-15 10:07:09.000000
797,12,2006-02-15 10:07:09.000000
798,14,2006-02-15 10:07:09.000000
799,11,2006-02-15 10:07:09.000000
800,11,2006-02-15 10:07:09.000000
801,3,2006-02-15 10:07:09.000000
802,1,2006-02-15 10:07:09.000000
803,7,2006-02-15 10:07:09.000000
804,11,2006-02-15 10:07:09.000000
805,2,2006-02-15 10:07:09.000000
806,13,2006-02-15 10:07:09.000000
807,10,2006-02-15 10:07:09.000000
808,4,2006-02-15 10:07:09.000000
809,15,2006-02-15 10:07:09.000000
810,8,2006-02-15 10:07:09.000000
811,16,2006-02-15 10:07:09.000000
812,6,2006-02-15 10:07:09.000000
813,15,2006-02-15 10:07:09.000000
814,5,2006-02-15 10:07:09.000000
815,4,2006-02-15 10:07:09.000000
816,2,2006-02-15 10:07:09.000000
817,14,2006-02-15 10:07:09.000000
818,7,2006-02-15 10:07:09.000000
819,12,2006-02-15 10:07:09.000000
820,2,2006-02-15 10:07:09.000000
821,9,2006-02-15 10:07:09.000000
822,8,2006-02-15 10:07:09.000000
823,1,2006-02-15 10:07:09.000000
824,8,2006-02-15 10:07:09.000000
825,1,2006-02-15 10:07:09.000000
826,16,2006-02-15 10:07:09.000000
827,7,2006-02-15 10:07:09.000000
828,4,2006-02-15 10:07:09.000000
829,8,2006-02-15 10:07:09.000000
830,11,2006-02-15 10:07:09.000000
831,14,2006-02-15 10:07:09.000000
832,8,2006-02-15 10:07:09.000000
833,3,2006-02-15 10:07:09.000000
834,6,2006-02-15 10:07:09.000000
835,10,2006-02-15 10:07:09.000000
836,15,2006-02-15 10:07:09.000000
837,5,2006-02-15 10:07:09.000000
838,1,2006-02-15 10:07:09.000000
839,14,2006-02-15 10:07:09.000000
840,10,2006-02-15 10:07:09.000000
841,15,2006-02-15 10:07:09.000000
842,10,2006-02-15 10:07:09.000000
843,4,2006-02-15 10:07:09.000000
844,15,2006-02-15 10:07:09.000000
845,9,2006-02-15 10:07:09.000000
846,13,2006-02-15 10:07:09.000000
847,13,2006-02-15 10:07:09.000000
848,16,2006-02-15 10:07:09.000000
849,2,2006-02-15 10:07:09.000000
850,1,2006-02-15 10:07:09.000000
851,15,2006-02-15 10:07:09.000000
852,3,2006-02-15 10:07:09.000000
853,3,2006-02-15 10:07:09.000000
854,11,2006-02-15 10:07:09.000000
855,6,2006-02-15 10:07:09.000000
856,11,2006-02-15 10:07:09.000000
857,5,2006-02-15 10:07:09.000000
858,5,2006-02-15 10:07:09.000000
859,2,2006-02-15 10:07:09.000000
860,14,2006-02-15 10:07:09.000000
861,10,2006-02-15 10:07:09.000000
862,4,2006-02-15 10:07:09.000000
863,14,2006-02-15 10:07:09.000000
864,3,2006-02-15 10:07:09.000000
865,2,2006-02-15 10:07:09.000000
866,8,2006-02-15 10:07:09.000000
867,8,2006-02-15 10:07:09.000000
868,16,2006-02-15 10:07:09.000000
869,1,2006-02-15 10:07:09.000000
870,11,2006-02-15 10:07:09.000000
871,5,2006-02-15 10:07:09.000000
872,16,2006-02-15 10:07:09.000000
873,3,2006-02-15 10:07:09.000000
874,4,2006-02-15 10:07:09.000000
875,15,2006-02-15 10:07:09.000000
876,11,2006-02-15 10:07:09.000000
877,12,2006-02-15 10:07:09.000000
878,16,2006-02-15 10:07:09.000000
879,12,2006-02-15 10:07:09.000000
880,2,2006-02-15 10:07:09.000000
881,11,2006-02-15 10:07:09.000000
882,7,2006-02-15 10:07:09.000000
883,3,2006-02-15 10:07:09.000000
884,12,2006-02-15 10:07:09.000000
885,11,2006-02-15 10:07:09.000000
886,2,2006-02-15 10:07:09.000000
887,2,2006-02-15 10:07:09.000000
888,6,2006-02-15 10:07:09.000000
889,3,2006-02-15 10:07:09.000000
890,15,2006-02-15 10:07:09.000000
891,4,2006-02-15 10:07:09.000000
892,2,2006-02-15 10:07:09.000000
893,14,2006-02-15 10:07:09.000000
894,16,2006-02-15 10:07:09.000000
895,4,2006-02-15 10:07:09.000000
896,3,2006-02-15 10:07:09.000000
897,7,2006-02-15 10:07:09.000000
898,15,2006-02-15 10:07:09.000000
899,4,2006-02-15 10:07:09.000000
900,9,2006-02-15 10:07:09.000000
901,2,2006-02-15 10:07:09.000000
902,15,2006-02-15 10:07:09.000000
903,16,2006-02-15 10:07:09.000000
904,11,2006-02-15 10:07:09.000000
905,5,2006-02-15 10:07:09.000000
906,5,2006-02-15 10:07:09.000000
907,7,2006-02-15 10:07:09.000000
908,9,2006-02-15 10:07:09.000000
909,11,2006-02-15 10:07:09.000000
910,7,2006-02-15 10:07:09.000000
911,1,2006-02-15 10:07:09.000000
912,14,2006-02-15 10:07:09.000000
913,13,2006-02-15 10:07:09.000000
914,16,2006-02-15 10:07:09.000000
915,1,2006-02-15 10:07:09.000000
916,2,2006-02-15 10:07:09.000000
917,15,2006-02-15 10:07:09.000000
918,3,2006-02-15 10:07:09.000000
919,10,2006-02-15 10:07:09.000000
920,13,2006-02-15 10:07:09.000000
921,12,2006-02-15 10:07:09.000000
922,11,2006-02-15 10:07:09.000000
923,7,2006-02-15 10:07:09.000000
924,14,2006-02-15 10:07:09.000000
925,6,2006-02-15 10:07:09.000000
926,6,2006-02-15 10:07:09.000000
927,1,2006-02-15 10:07:09.000000
928,3,2006-02-15 10:07:09.000000
929,9,2006-02-15 10:07:09.000000
930,14,2006-02-15 10:07:09.000000
931,16,2006-02-15 10:07:09.000000
932,5,2006-02-15 10:07:09.000000
933,13,2006-02-15 10:07:09.000000
934,10,2006-02-15 10:07:09.000000
935,13,2006-02-15 10:07:09.000000
936,12,2006-02-15 10:07:09.000000
937,13,2006-02-15 10:07:09.000000
938,5,2006-02-15 10:07:09.000000
939,5,2006-02-15 10:07:09.000000
940,15,2006-02-15 10:07:09.000000
941,10,2006-02-15 10:07:09.000000
942,7,2006-02-15 10:07:09.000000
943,6,2006-02-15 10:07:09.000000
944,7,2006-02-15 10:07:09.000000
945,6,2006-02-15 10:07:09.000000
946,8,2006-02-15 10:07:09.000000
947,9,2006-02-15 10:07:09.000000
948,13,2006-02-15 10:07:09.000000
949,10,2006-02-15 10:07:09.000000
950,4,2006-02-15 10:07:09.000000
951,4,2006-02-15 10:07:09.000000
952,6,2006-02-15 10:07:09.000000
953,2,2006-02-15 10:07:09.000000
954,13,2006-02-15 10:07:09.000000
955,3,2006-02-15 10:07:09.000000
956,10,2006-02-15 10:07:09.000000
957,9,2006-02-15 10:07:09.000000
958,7,2006-02-15 10:07:09.000000
959,3,2006-02-15 10:07:09.000000
960,6,2006-02-15 10:07:09.000000
961,9,2006-02-15 10:07:09.000000
962,4,2006-02-15 10:07:09.000000
963,2,2006-02-15 10:07:09.000000
964,1,2006-02-15 10:07:09.000000
965,11,2006-02-15 10:07:09.000000
966,6,2006-02-15 10:07:09.000000
967,14,2006-02-15 10:07:09.000000
968,1,2006-02-15 10:07:09.000000
969,7,2006-02-15 10:07:09.000000
970,4,2006-02-15 10:07:09.000000
971,9,2006-02-15 10:07:09.000000
972,14,2006-02-15 10:07:09.000000
973,6,2006-02-15 10:07:09.000000
974,13,2006-02-15 10:07:09.000000
975,8,2006-02-15 10:07:09.000000
976,10,2006-02-15 10:07:09.000000
977,16,2006-02-15 10:07:09.000000
978,5,2006-02-15 10:07:09.000000
979,7,2006-02-15 10:07:09.000000
980,12,2006-02-15 10:07:09.000000
981,16,2006-02-15 10:07:09.000000
982,1,2006-02-15 10:07:09.000000
983,12,2006-02-15 10:07:09.000000
984,9,2006-02-15 10:07:09.000000
985,14,2006-02-15 10:07:09.000000
986,2,2006-02-15 10:07:09.000000
987,12,2006-02-15 10:07:09.000000
988,16,2006-02-15 10:07:09.000000
989,16,2006-02-15 10:07:09.000000
990,11,2006-02-15 10:07:09.000000
991,1,2006-02-15 10:07:09.000000
992,6,2006-02-15 10:07:09.000000
993,3,2006-02-15 10:07:09.000000
994,13,2006-02-15 10:07:09.000000
995,11,2006-02-15 10:07:09.000000
996,6,2006-02-15 10:07:09.000000
997,12,2006-02-15 10:07:09.000000
998,11,2006-02-15 10:07:09.000000
999,3,2006-02-15 10:07:09.000000
1000,5,2006-02-15 10:07:09.000000
