1,A Corua (La Corua),87,2006-02-15 09:45:25.000000
2,Abha,82,2006-02-15 09:45:25.000000
3,Abu Dhabi,101,2006-02-15 09:45:25.000000
4,Acua,60,2006-02-15 09:45:25.000000
5,Adana,97,2006-02-15 09:45:25.000000
6,Addis Abeba,31,2006-02-15 09:45:25.000000
7,Aden,107,2006-02-15 09:45:25.000000
8,Adoni,44,2006-02-15 09:45:25.000000
9,Ahmadnagar,44,2006-02-15 09:45:25.000000
10,Akishima,50,2006-02-15 09:45:25.000000
11,Akron,103,2006-02-15 09:45:25.000000
12,al-Ayn,101,2006-02-15 09:45:25.000000
13,al-Hawiya,82,2006-02-15 09:45:25.000000
14,al-Manama,11,2006-02-15 09:45:25.000000
15,al-Qadarif,89,2006-02-15 09:45:25.000000
16,al-Qatif,82,2006-02-15 09:45:25.000000
17,Alessandria,49,2006-02-15 09:45:25.000000
18,Allappuzha (Alleppey),44,2006-02-15 09:45:25.000000
19,Allende,60,2006-02-15 09:45:25.000000
20,Almirante Brown,6,2006-02-15 09:45:25.000000
21,Alvorada,15,2006-02-15 09:45:25.000000
22,Ambattur,44,2006-02-15 09:45:25.000000
23,Amersfoort,67,2006-02-15 09:45:25.000000
24,Amroha,44,2006-02-15 09:45:25.000000
25,Angra dos Reis,15,2006-02-15 09:45:25.000000
26,Anpolis,15,2006-02-15 09:45:25.000000
27,Antofagasta,22,2006-02-15 09:45:25.000000
28,Aparecida de Goinia,15,2006-02-15 09:45:25.000000
29,Apeldoorn,67,2006-02-15 09:45:25.000000
30,Araatuba,15,2006-02-15 09:45:25.000000
31,Arak,46,2006-02-15 09:45:25.000000
32,Arecibo,77,2006-02-15 09:45:25.000000
33,Arlington,103,2006-02-15 09:45:25.000000
34,Ashdod,48,2006-02-15 09:45:25.000000
35,Ashgabat,98,2006-02-15 09:45:25.000000
36,Ashqelon,48,2006-02-15 09:45:25.000000
37,Asuncin,73,2006-02-15 09:45:25.000000
38,Athenai,39,2006-02-15 09:45:25.000000
39,Atinsk,80,2006-02-15 09:45:25.000000
40,Atlixco,60,2006-02-15 09:45:25.000000
41,Augusta-Richmond County,103,2006-02-15 09:45:25.000000
42,Aurora,103,2006-02-15 09:45:25.000000
43,Avellaneda,6,2006-02-15 09:45:25.000000
44,Bag,15,2006-02-15 09:45:25.000000
45,Baha Blanca,6,2006-02-15 09:45:25.000000
46,Baicheng,23,2006-02-15 09:45:25.000000
47,Baiyin,23,2006-02-15 09:45:25.000000
48,Baku,10,2006-02-15 09:45:25.000000
49,Balaiha,80,2006-02-15 09:45:25.000000
50,Balikesir,97,2006-02-15 09:45:25.000000
51,Balurghat,44,2006-02-15 09:45:25.000000
52,Bamenda,19,2006-02-15 09:45:25.000000
53,Bandar Seri Begawan,16,2006-02-15 09:45:25.000000
54,Banjul,37,2006-02-15 09:45:25.000000
55,Barcelona,104,2006-02-15 09:45:25.000000
56,Basel,91,2006-02-15 09:45:25.000000
57,Bat Yam,48,2006-02-15 09:45:25.000000
58,Batman,97,2006-02-15 09:45:25.000000
59,Batna,2,2006-02-15 09:45:25.000000
60,Battambang,18,2006-02-15 09:45:25.000000
61,Baybay,75,2006-02-15 09:45:25.000000
62,Bayugan,75,2006-02-15 09:45:25.000000
63,Bchar,2,2006-02-15 09:45:25.000000
64,Beira,63,2006-02-15 09:45:25.000000
65,Bellevue,103,2006-02-15 09:45:25.000000
66,Belm,15,2006-02-15 09:45:25.000000
67,Benguela,4,2006-02-15 09:45:25.000000
68,Beni-Mellal,62,2006-02-15 09:45:25.000000
69,Benin City,69,2006-02-15 09:45:25.000000
70,Bergamo,49,2006-02-15 09:45:25.000000
71,Berhampore (Baharampur),44,2006-02-15 09:45:25.000000
72,Bern,91,2006-02-15 09:45:25.000000
73,Bhavnagar,44,2006-02-15 09:45:25.000000
74,Bhilwara,44,2006-02-15 09:45:25.000000
75,Bhimavaram,44,2006-02-15 09:45:25.000000
76,Bhopal,44,2006-02-15 09:45:25.000000
77,Bhusawal,44,2006-02-15 09:45:25.000000
78,Bijapur,44,2006-02-15 09:45:25.000000
79,Bilbays,29,2006-02-15 09:45:25.000000
80,Binzhou,23,2006-02-15 09:45:25.000000
81,Birgunj,66,2006-02-15 09:45:25.000000
82,Bislig,75,2006-02-15 09:45:25.000000
83,Blumenau,15,2006-02-15 09:45:25.000000
84,Boa Vista,15,2006-02-15 09:45:25.000000
85,Boksburg,85,2006-02-15 09:45:25.000000
86,Botosani,78,2006-02-15 09:45:25.000000
87,Botshabelo,85,2006-02-15 09:45:25.000000
88,Bradford,102,2006-02-15 09:45:25.000000
89,Braslia,15,2006-02-15 09:45:25.000000
90,Bratislava,84,2006-02-15 09:45:25.000000
91,Brescia,49,2006-02-15 09:45:25.000000
92,Brest,34,2006-02-15 09:45:25.000000
93,Brindisi,49,2006-02-15 09:45:25.000000
94,Brockton,103,2006-02-15 09:45:25.000000
95,Bucuresti,78,2006-02-15 09:45:25.000000
96,Buenaventura,24,2006-02-15 09:45:25.000000
97,Bydgoszcz,76,2006-02-15 09:45:25.000000
98,Cabuyao,75,2006-02-15 09:45:25.000000
99,Callao,74,2006-02-15 09:45:25.000000
100,Cam Ranh,105,2006-02-15 09:45:25.000000
101,Cape Coral,103,2006-02-15 09:45:25.000000
102,Caracas,104,2006-02-15 09:45:25.000000
103,Carmen,60,2006-02-15 09:45:25.000000
104,Cavite,75,2006-02-15 09:45:25.000000
105,Cayenne,35,2006-02-15 09:45:25.000000
106,Celaya,60,2006-02-15 09:45:25.000000
107,Chandrapur,44,2006-02-15 09:45:25.000000
108,Changhwa,92,2006-02-15 09:45:25.000000
109,Changzhou,23,2006-02-15 09:45:25.000000
110,Chapra,44,2006-02-15 09:45:25.000000
111,Charlotte Amalie,106,2006-02-15 09:45:25.000000
112,Chatsworth,85,2006-02-15 09:45:25.000000
113,Cheju,86,2006-02-15 09:45:25.000000
114,Chiayi,92,2006-02-15 09:45:25.000000
115,Chisinau,61,2006-02-15 09:45:25.000000
116,Chungho,92,2006-02-15 09:45:25.000000
117,Cianjur,45,2006-02-15 09:45:25.000000
118,Ciomas,45,2006-02-15 09:45:25.000000
119,Ciparay,45,2006-02-15 09:45:25.000000
120,Citrus Heights,103,2006-02-15 09:45:25.000000
121,Citt del Vaticano,41,2006-02-15 09:45:25.000000
122,Ciudad del Este,73,2006-02-15 09:45:25.000000
123,Clarksville,103,2006-02-15 09:45:25.000000
124,Coacalco de Berriozbal,60,2006-02-15 09:45:25.000000
125,Coatzacoalcos,60,2006-02-15 09:45:25.000000
126,Compton,103,2006-02-15 09:45:25.000000
127,Coquimbo,22,2006-02-15 09:45:25.000000
128,Crdoba,6,2006-02-15 09:45:25.000000
129,Cuauhtmoc,60,2006-02-15 09:45:25.000000
130,Cuautla,60,2006-02-15 09:45:25.000000
131,Cuernavaca,60,2006-02-15 09:45:25.000000
132,Cuman,104,2006-02-15 09:45:25.000000
133,Czestochowa,76,2006-02-15 09:45:25.000000
134,Dadu,72,2006-02-15 09:45:25.000000
135,Dallas,103,2006-02-15 09:45:25.000000
136,Datong,23,2006-02-15 09:45:25.000000
137,Daugavpils,54,2006-02-15 09:45:25.000000
138,Davao,75,2006-02-15 09:45:25.000000
139,Daxian,23,2006-02-15 09:45:25.000000
140,Dayton,103,2006-02-15 09:45:25.000000
141,Deba Habe,69,2006-02-15 09:45:25.000000
142,Denizli,97,2006-02-15 09:45:25.000000
143,Dhaka,12,2006-02-15 09:45:25.000000
144,Dhule (Dhulia),44,2006-02-15 09:45:25.000000
145,Dongying,23,2006-02-15 09:45:25.000000
146,Donostia-San Sebastin,87,2006-02-15 09:45:25.000000
147,Dos Quebradas,24,2006-02-15 09:45:25.000000
148,Duisburg,38,2006-02-15 09:45:25.000000
149,Dundee,102,2006-02-15 09:45:25.000000
150,Dzerzinsk,80,2006-02-15 09:45:25.000000
151,Ede,67,2006-02-15 09:45:25.000000
152,Effon-Alaiye,69,2006-02-15 09:45:25.000000
153,El Alto,14,2006-02-15 09:45:25.000000
154,El Fuerte,60,2006-02-15 09:45:25.000000
155,El Monte,103,2006-02-15 09:45:25.000000
156,Elista,80,2006-02-15 09:45:25.000000
157,Emeishan,23,2006-02-15 09:45:25.000000
158,Emmen,67,2006-02-15 09:45:25.000000
159,Enshi,23,2006-02-15 09:45:25.000000
160,Erlangen,38,2006-02-15 09:45:25.000000
161,Escobar,6,2006-02-15 09:45:25.000000
162,Esfahan,46,2006-02-15 09:45:25.000000
163,Eskisehir,97,2006-02-15 09:45:25.000000
164,Etawah,44,2006-02-15 09:45:25.000000
165,Ezeiza,6,2006-02-15 09:45:25.000000
166,Ezhou,23,2006-02-15 09:45:25.000000
167,Faaa,36,2006-02-15 09:45:25.000000
168,Fengshan,92,2006-02-15 09:45:25.000000
169,Firozabad,44,2006-02-15 09:45:25.000000
170,Florencia,24,2006-02-15 09:45:25.000000
171,Fontana,103,2006-02-15 09:45:25.000000
172,Fukuyama,50,2006-02-15 09:45:25.000000
173,Funafuti,99,2006-02-15 09:45:25.000000
174,Fuyu,23,2006-02-15 09:45:25.000000
175,Fuzhou,23,2006-02-15 09:45:25.000000
176,Gandhinagar,44,2006-02-15 09:45:25.000000
177,Garden Grove,103,2006-02-15 09:45:25.000000
178,Garland,103,2006-02-15 09:45:25.000000
179,Gatineau,20,2006-02-15 09:45:25.000000
180,Gaziantep,97,2006-02-15 09:45:25.000000
181,Gijn,87,2006-02-15 09:45:25.000000
182,Gingoog,75,2006-02-15 09:45:25.000000
183,Goinia,15,2006-02-15 09:45:25.000000
184,Gorontalo,45,2006-02-15 09:45:25.000000
185,Grand Prairie,103,2006-02-15 09:45:25.000000
186,Graz,9,2006-02-15 09:45:25.000000
187,Greensboro,103,2006-02-15 09:45:25.000000
188,Guadalajara,60,2006-02-15 09:45:25.000000
189,Guaruj,15,2006-02-15 09:45:25.000000
190,guas Lindas de Gois,15,2006-02-15 09:45:25.000000
191,Gulbarga,44,2006-02-15 09:45:25.000000
192,Hagonoy,75,2006-02-15 09:45:25.000000
193,Haining,23,2006-02-15 09:45:25.000000
194,Haiphong,105,2006-02-15 09:45:25.000000
195,Haldia,44,2006-02-15 09:45:25.000000
196,Halifax,20,2006-02-15 09:45:25.000000
197,Halisahar,44,2006-02-15 09:45:25.000000
198,Halle/Saale,38,2006-02-15 09:45:25.000000
199,Hami,23,2006-02-15 09:45:25.000000
200,Hamilton,68,2006-02-15 09:45:25.000000
201,Hanoi,105,2006-02-15 09:45:25.000000
202,Hidalgo,60,2006-02-15 09:45:25.000000
203,Higashiosaka,50,2006-02-15 09:45:25.000000
204,Hino,50,2006-02-15 09:45:25.000000
205,Hiroshima,50,2006-02-15 09:45:25.000000
206,Hodeida,107,2006-02-15 09:45:25.000000
207,Hohhot,23,2006-02-15 09:45:25.000000
208,Hoshiarpur,44,2006-02-15 09:45:25.000000
209,Hsichuh,92,2006-02-15 09:45:25.000000
210,Huaian,23,2006-02-15 09:45:25.000000
211,Hubli-Dharwad,44,2006-02-15 09:45:25.000000
212,Huejutla de Reyes,60,2006-02-15 09:45:25.000000
213,Huixquilucan,60,2006-02-15 09:45:25.000000
214,Hunuco,74,2006-02-15 09:45:25.000000
215,Ibirit,15,2006-02-15 09:45:25.000000
216,Idfu,29,2006-02-15 09:45:25.000000
217,Ife,69,2006-02-15 09:45:25.000000
218,Ikerre,69,2006-02-15 09:45:25.000000
219,Iligan,75,2006-02-15 09:45:25.000000
220,Ilorin,69,2006-02-15 09:45:25.000000
221,Imus,75,2006-02-15 09:45:25.000000
222,Inegl,97,2006-02-15 09:45:25.000000
223,Ipoh,59,2006-02-15 09:45:25.000000
224,Isesaki,50,2006-02-15 09:45:25.000000
225,Ivanovo,80,2006-02-15 09:45:25.000000
226,Iwaki,50,2006-02-15 09:45:25.000000
227,Iwakuni,50,2006-02-15 09:45:25.000000
228,Iwatsuki,50,2006-02-15 09:45:25.000000
229,Izumisano,50,2006-02-15 09:45:25.000000
230,Jaffna,88,2006-02-15 09:45:25.000000
231,Jaipur,44,2006-02-15 09:45:25.000000
232,Jakarta,45,2006-02-15 09:45:25.000000
233,Jalib al-Shuyukh,53,2006-02-15 09:45:25.000000
234,Jamalpur,12,2006-02-15 09:45:25.000000
235,Jaroslavl,80,2006-02-15 09:45:25.000000
236,Jastrzebie-Zdrj,76,2006-02-15 09:45:25.000000
237,Jedda,82,2006-02-15 09:45:25.000000
238,Jelets,80,2006-02-15 09:45:25.000000
239,Jhansi,44,2006-02-15 09:45:25.000000
240,Jinchang,23,2006-02-15 09:45:25.000000
241,Jining,23,2006-02-15 09:45:25.000000
242,Jinzhou,23,2006-02-15 09:45:25.000000
243,Jodhpur,44,2006-02-15 09:45:25.000000
244,Johannesburg,85,2006-02-15 09:45:25.000000
245,Joliet,103,2006-02-15 09:45:25.000000
246,Jos Azueta,60,2006-02-15 09:45:25.000000
247,Juazeiro do Norte,15,2006-02-15 09:45:25.000000
248,Juiz de Fora,15,2006-02-15 09:45:25.000000
249,Junan,23,2006-02-15 09:45:25.000000
250,Jurez,60,2006-02-15 09:45:25.000000
251,Kabul,1,2006-02-15 09:45:25.000000
252,Kaduna,69,2006-02-15 09:45:25.000000
253,Kakamigahara,50,2006-02-15 09:45:25.000000
254,Kaliningrad,80,2006-02-15 09:45:25.000000
255,Kalisz,76,2006-02-15 09:45:25.000000
256,Kamakura,50,2006-02-15 09:45:25.000000
257,Kamarhati,44,2006-02-15 09:45:25.000000
258,Kamjanets-Podilskyi,100,2006-02-15 09:45:25.000000
259,Kamyin,80,2006-02-15 09:45:25.000000
260,Kanazawa,50,2006-02-15 09:45:25.000000
261,Kanchrapara,44,2006-02-15 09:45:25.000000
262,Kansas City,103,2006-02-15 09:45:25.000000
263,Karnal,44,2006-02-15 09:45:25.000000
264,Katihar,44,2006-02-15 09:45:25.000000
265,Kermanshah,46,2006-02-15 09:45:25.000000
266,Kilis,97,2006-02-15 09:45:25.000000
267,Kimberley,85,2006-02-15 09:45:25.000000
268,Kimchon,86,2006-02-15 09:45:25.000000
269,Kingstown,81,2006-02-15 09:45:25.000000
270,Kirovo-Tepetsk,80,2006-02-15 09:45:25.000000
271,Kisumu,52,2006-02-15 09:45:25.000000
272,Kitwe,109,2006-02-15 09:45:25.000000
273,Klerksdorp,85,2006-02-15 09:45:25.000000
274,Kolpino,80,2006-02-15 09:45:25.000000
275,Konotop,100,2006-02-15 09:45:25.000000
276,Koriyama,50,2006-02-15 09:45:25.000000
277,Korla,23,2006-02-15 09:45:25.000000
278,Korolev,80,2006-02-15 09:45:25.000000
279,Kowloon and New Kowloon,42,2006-02-15 09:45:25.000000
280,Kragujevac,108,2006-02-15 09:45:25.000000
281,Ktahya,97,2006-02-15 09:45:25.000000
282,Kuching,59,2006-02-15 09:45:25.000000
283,Kumbakonam,44,2006-02-15 09:45:25.000000
284,Kurashiki,50,2006-02-15 09:45:25.000000
285,Kurgan,80,2006-02-15 09:45:25.000000
286,Kursk,80,2006-02-15 09:45:25.000000
287,Kuwana,50,2006-02-15 09:45:25.000000
288,La Paz,60,2006-02-15 09:45:25.000000
289,La Plata,6,2006-02-15 09:45:25.000000
290,La Romana,27,2006-02-15 09:45:25.000000
291,Laiwu,23,2006-02-15 09:45:25.000000
292,Lancaster,103,2006-02-15 09:45:25.000000
293,Laohekou,23,2006-02-15 09:45:25.000000
294,Lapu-Lapu,75,2006-02-15 09:45:25.000000
295,Laredo,103,2006-02-15 09:45:25.000000
296,Lausanne,91,2006-02-15 09:45:25.000000
297,Le Mans,34,2006-02-15 09:45:25.000000
298,Lengshuijiang,23,2006-02-15 09:45:25.000000
299,Leshan,23,2006-02-15 09:45:25.000000
300,Lethbridge,20,2006-02-15 09:45:25.000000
301,Lhokseumawe,45,2006-02-15 09:45:25.000000
302,Liaocheng,23,2006-02-15 09:45:25.000000
303,Liepaja,54,2006-02-15 09:45:25.000000
304,Lilongwe,58,2006-02-15 09:45:25.000000
305,Lima,74,2006-02-15 09:45:25.000000
306,Lincoln,103,2006-02-15 09:45:25.000000
307,Linz,9,2006-02-15 09:45:25.000000
308,Lipetsk,80,2006-02-15 09:45:25.000000
309,Livorno,49,2006-02-15 09:45:25.000000
310,Ljubertsy,80,2006-02-15 09:45:25.000000
311,Loja,28,2006-02-15 09:45:25.000000
312,London,102,2006-02-15 09:45:25.000000
313,London,20,2006-02-15 09:45:25.000000
314,Lublin,76,2006-02-15 09:45:25.000000
315,Lubumbashi,25,2006-02-15 09:45:25.000000
316,Lungtan,92,2006-02-15 09:45:25.000000
317,Luzinia,15,2006-02-15 09:45:25.000000
318,Madiun,45,2006-02-15 09:45:25.000000
319,Mahajanga,57,2006-02-15 09:45:25.000000
320,Maikop,80,2006-02-15 09:45:25.000000
321,Malm,90,2006-02-15 09:45:25.000000
322,Manchester,103,2006-02-15 09:45:25.000000
323,Mandaluyong,75,2006-02-15 09:45:25.000000
324,Mandi Bahauddin,72,2006-02-15 09:45:25.000000
325,Mannheim,38,2006-02-15 09:45:25.000000
326,Maracabo,104,2006-02-15 09:45:25.000000
327,Mardan,72,2006-02-15 09:45:25.000000
328,Maring,15,2006-02-15 09:45:25.000000
329,Masqat,71,2006-02-15 09:45:25.000000
330,Matamoros,60,2006-02-15 09:45:25.000000
331,Matsue,50,2006-02-15 09:45:25.000000
332,Meixian,23,2006-02-15 09:45:25.000000
333,Memphis,103,2006-02-15 09:45:25.000000
334,Merlo,6,2006-02-15 09:45:25.000000
335,Mexicali,60,2006-02-15 09:45:25.000000
336,Miraj,44,2006-02-15 09:45:25.000000
337,Mit Ghamr,29,2006-02-15 09:45:25.000000
338,Miyakonojo,50,2006-02-15 09:45:25.000000
339,Mogiljov,13,2006-02-15 09:45:25.000000
340,Molodetno,13,2006-02-15 09:45:25.000000
341,Monclova,60,2006-02-15 09:45:25.000000
342,Monywa,64,2006-02-15 09:45:25.000000
343,Moscow,80,2006-02-15 09:45:25.000000
344,Mosul,47,2006-02-15 09:45:25.000000
345,Mukateve,100,2006-02-15 09:45:25.000000
346,Munger (Monghyr),44,2006-02-15 09:45:25.000000
347,Mwanza,93,2006-02-15 09:45:25.000000
348,Mwene-Ditu,25,2006-02-15 09:45:25.000000
349,Myingyan,64,2006-02-15 09:45:25.000000
350,Mysore,44,2006-02-15 09:45:25.000000
351,Naala-Porto,63,2006-02-15 09:45:25.000000
352,Nabereznyje Telny,80,2006-02-15 09:45:25.000000
353,Nador,62,2006-02-15 09:45:25.000000
354,Nagaon,44,2006-02-15 09:45:25.000000
355,Nagareyama,50,2006-02-15 09:45:25.000000
356,Najafabad,46,2006-02-15 09:45:25.000000
357,Naju,86,2006-02-15 09:45:25.000000
358,Nakhon Sawan,94,2006-02-15 09:45:25.000000
359,Nam Dinh,105,2006-02-15 09:45:25.000000
360,Namibe,4,2006-02-15 09:45:25.000000
361,Nantou,92,2006-02-15 09:45:25.000000
362,Nanyang,23,2006-02-15 09:45:25.000000
363,NDjamna,21,2006-02-15 09:45:25.000000
364,Newcastle,85,2006-02-15 09:45:25.000000
365,Nezahualcyotl,60,2006-02-15 09:45:25.000000
366,Nha Trang,105,2006-02-15 09:45:25.000000
367,Niznekamsk,80,2006-02-15 09:45:25.000000
368,Novi Sad,108,2006-02-15 09:45:25.000000
369,Novoterkassk,80,2006-02-15 09:45:25.000000
370,Nukualofa,95,2006-02-15 09:45:25.000000
371,Nuuk,40,2006-02-15 09:45:25.000000
372,Nyeri,52,2006-02-15 09:45:25.000000
373,Ocumare del Tuy,104,2006-02-15 09:45:25.000000
374,Ogbomosho,69,2006-02-15 09:45:25.000000
375,Okara,72,2006-02-15 09:45:25.000000
376,Okayama,50,2006-02-15 09:45:25.000000
377,Okinawa,50,2006-02-15 09:45:25.000000
378,Olomouc,26,2006-02-15 09:45:25.000000
379,Omdurman,89,2006-02-15 09:45:25.000000
380,Omiya,50,2006-02-15 09:45:25.000000
381,Ondo,69,2006-02-15 09:45:25.000000
382,Onomichi,50,2006-02-15 09:45:25.000000
383,Oshawa,20,2006-02-15 09:45:25.000000
384,Osmaniye,97,2006-02-15 09:45:25.000000
385,ostka,100,2006-02-15 09:45:25.000000
386,Otsu,50,2006-02-15 09:45:25.000000
387,Oulu,33,2006-02-15 09:45:25.000000
388,Ourense (Orense),87,2006-02-15 09:45:25.000000
389,Owo,69,2006-02-15 09:45:25.000000
390,Oyo,69,2006-02-15 09:45:25.000000
391,Ozamis,75,2006-02-15 09:45:25.000000
392,Paarl,85,2006-02-15 09:45:25.000000
393,Pachuca de Soto,60,2006-02-15 09:45:25.000000
394,Pak Kret,94,2006-02-15 09:45:25.000000
395,Palghat (Palakkad),44,2006-02-15 09:45:25.000000
396,Pangkal Pinang,45,2006-02-15 09:45:25.000000
397,Papeete,36,2006-02-15 09:45:25.000000
398,Parbhani,44,2006-02-15 09:45:25.000000
399,Pathankot,44,2006-02-15 09:45:25.000000
400,Patiala,44,2006-02-15 09:45:25.000000
401,Patras,39,2006-02-15 09:45:25.000000
402,Pavlodar,51,2006-02-15 09:45:25.000000
403,Pemalang,45,2006-02-15 09:45:25.000000
404,Peoria,103,2006-02-15 09:45:25.000000
405,Pereira,24,2006-02-15 09:45:25.000000
406,Phnom Penh,18,2006-02-15 09:45:25.000000
407,Pingxiang,23,2006-02-15 09:45:25.000000
408,Pjatigorsk,80,2006-02-15 09:45:25.000000
409,Plock,76,2006-02-15 09:45:25.000000
410,Po,15,2006-02-15 09:45:25.000000
411,Ponce,77,2006-02-15 09:45:25.000000
412,Pontianak,45,2006-02-15 09:45:25.000000
413,Poos de Caldas,15,2006-02-15 09:45:25.000000
414,Portoviejo,28,2006-02-15 09:45:25.000000
415,Probolinggo,45,2006-02-15 09:45:25.000000
416,Pudukkottai,44,2006-02-15 09:45:25.000000
417,Pune,44,2006-02-15 09:45:25.000000
418,Purnea (Purnia),44,2006-02-15 09:45:25.000000
419,Purwakarta,45,2006-02-15 09:45:25.000000
420,Pyongyang,70,2006-02-15 09:45:25.000000
421,Qalyub,29,2006-02-15 09:45:25.000000
422,Qinhuangdao,23,2006-02-15 09:45:25.000000
423,Qomsheh,46,2006-02-15 09:45:25.000000
424,Quilmes,6,2006-02-15 09:45:25.000000
425,Rae Bareli,44,2006-02-15 09:45:25.000000
426,Rajkot,44,2006-02-15 09:45:25.000000
427,Rampur,44,2006-02-15 09:45:25.000000
428,Rancagua,22,2006-02-15 09:45:25.000000
429,Ranchi,44,2006-02-15 09:45:25.000000
430,Richmond Hill,20,2006-02-15 09:45:25.000000
431,Rio Claro,15,2006-02-15 09:45:25.000000
432,Rizhao,23,2006-02-15 09:45:25.000000
433,Roanoke,103,2006-02-15 09:45:25.000000
434,Robamba,28,2006-02-15 09:45:25.000000
435,Rockford,103,2006-02-15 09:45:25.000000
436,Ruse,17,2006-02-15 09:45:25.000000
437,Rustenburg,85,2006-02-15 09:45:25.000000
438,s-Hertogenbosch,67,2006-02-15 09:45:25.000000
439,Saarbrcken,38,2006-02-15 09:45:25.000000
440,Sagamihara,50,2006-02-15 09:45:25.000000
441,Saint Louis,103,2006-02-15 09:45:25.000000
442,Saint-Denis,79,2006-02-15 09:45:25.000000
443,Sal,62,2006-02-15 09:45:25.000000
444,Salala,71,2006-02-15 09:45:25.000000
445,Salamanca,60,2006-02-15 09:45:25.000000
446,Salinas,103,2006-02-15 09:45:25.000000
447,Salzburg,9,2006-02-15 09:45:25.000000
448,Sambhal,44,2006-02-15 09:45:25.000000
449,San Bernardino,103,2006-02-15 09:45:25.000000
450,San Felipe de Puerto Plata,27,2006-02-15 09:45:25.000000
451,San Felipe del Progreso,60,2006-02-15 09:45:25.000000
452,San Juan Bautista Tuxtepec,60,2006-02-15 09:45:25.000000
453,San Lorenzo,73,2006-02-15 09:45:25.000000
454,San Miguel de Tucumn,6,2006-02-15 09:45:25.000000
455,Sanaa,107,2006-02-15 09:45:25.000000
456,Santa Brbara dOeste,15,2006-02-15 09:45:25.000000
457,Santa F,6,2006-02-15 09:45:25.000000
458,Santa Rosa,75,2006-02-15 09:45:25.000000
459,Santiago de Compostela,87,2006-02-15 09:45:25.000000
460,Santiago de los Caballeros,27,2006-02-15 09:45:25.000000
461,Santo Andr,15,2006-02-15 09:45:25.000000
462,Sanya,23,2006-02-15 09:45:25.000000
463,Sasebo,50,2006-02-15 09:45:25.000000
464,Satna,44,2006-02-15 09:45:25.000000
465,Sawhaj,29,2006-02-15 09:45:25.000000
466,Serpuhov,80,2006-02-15 09:45:25.000000
467,Shahr-e Kord,46,2006-02-15 09:45:25.000000
468,Shanwei,23,2006-02-15 09:45:25.000000
469,Shaoguan,23,2006-02-15 09:45:25.000000
470,Sharja,101,2006-02-15 09:45:25.000000
471,Shenzhen,23,2006-02-15 09:45:25.000000
472,Shikarpur,72,2006-02-15 09:45:25.000000
473,Shimoga,44,2006-02-15 09:45:25.000000
474,Shimonoseki,50,2006-02-15 09:45:25.000000
475,Shivapuri,44,2006-02-15 09:45:25.000000
476,Shubra al-Khayma,29,2006-02-15 09:45:25.000000
477,Siegen,38,2006-02-15 09:45:25.000000
478,Siliguri (Shiliguri),44,2006-02-15 09:45:25.000000
479,Simferopol,100,2006-02-15 09:45:25.000000
480,Sincelejo,24,2006-02-15 09:45:25.000000
481,Sirjan,46,2006-02-15 09:45:25.000000
482,Sivas,97,2006-02-15 09:45:25.000000
483,Skikda,2,2006-02-15 09:45:25.000000
484,Smolensk,80,2006-02-15 09:45:25.000000
485,So Bernardo do Campo,15,2006-02-15 09:45:25.000000
486,So Leopoldo,15,2006-02-15 09:45:25.000000
487,Sogamoso,24,2006-02-15 09:45:25.000000
488,Sokoto,69,2006-02-15 09:45:25.000000
489,Songkhla,94,2006-02-15 09:45:25.000000
490,Sorocaba,15,2006-02-15 09:45:25.000000
491,Soshanguve,85,2006-02-15 09:45:25.000000
492,Sousse,96,2006-02-15 09:45:25.000000
493,South Hill,5,2006-02-15 09:45:25.000000
494,Southampton,102,2006-02-15 09:45:25.000000
495,Southend-on-Sea,102,2006-02-15 09:45:25.000000
496,Southport,102,2006-02-15 09:45:25.000000
497,Springs,85,2006-02-15 09:45:25.000000
498,Stara Zagora,17,2006-02-15 09:45:25.000000
499,Sterling Heights,103,2006-02-15 09:45:25.000000
500,Stockport,102,2006-02-15 09:45:25.000000
501,Sucre,14,2006-02-15 09:45:25.000000
502,Suihua,23,2006-02-15 09:45:25.000000
503,Sullana,74,2006-02-15 09:45:25.000000
504,Sultanbeyli,97,2006-02-15 09:45:25.000000
505,Sumqayit,10,2006-02-15 09:45:25.000000
506,Sumy,100,2006-02-15 09:45:25.000000
507,Sungai Petani,59,2006-02-15 09:45:25.000000
508,Sunnyvale,103,2006-02-15 09:45:25.000000
509,Surakarta,45,2006-02-15 09:45:25.000000
510,Syktyvkar,80,2006-02-15 09:45:25.000000
511,Syrakusa,49,2006-02-15 09:45:25.000000
512,Szkesfehrvr,43,2006-02-15 09:45:25.000000
513,Tabora,93,2006-02-15 09:45:25.000000
514,Tabriz,46,2006-02-15 09:45:25.000000
515,Tabuk,82,2006-02-15 09:45:25.000000
516,Tafuna,3,2006-02-15 09:45:25.000000
517,Taguig,75,2006-02-15 09:45:25.000000
518,Taizz,107,2006-02-15 09:45:25.000000
519,Talavera,75,2006-02-15 09:45:25.000000
520,Tallahassee,103,2006-02-15 09:45:25.000000
521,Tama,50,2006-02-15 09:45:25.000000
522,Tambaram,44,2006-02-15 09:45:25.000000
523,Tanauan,75,2006-02-15 09:45:25.000000
524,Tandil,6,2006-02-15 09:45:25.000000
525,Tangail,12,2006-02-15 09:45:25.000000
526,Tanshui,92,2006-02-15 09:45:25.000000
527,Tanza,75,2006-02-15 09:45:25.000000
528,Tarlac,75,2006-02-15 09:45:25.000000
529,Tarsus,97,2006-02-15 09:45:25.000000
530,Tartu,30,2006-02-15 09:45:25.000000
531,Teboksary,80,2006-02-15 09:45:25.000000
532,Tegal,45,2006-02-15 09:45:25.000000
533,Tel Aviv-Jaffa,48,2006-02-15 09:45:25.000000
534,Tete,63,2006-02-15 09:45:25.000000
535,Tianjin,23,2006-02-15 09:45:25.000000
536,Tiefa,23,2006-02-15 09:45:25.000000
537,Tieli,23,2006-02-15 09:45:25.000000
538,Tokat,97,2006-02-15 09:45:25.000000
539,Tonghae,86,2006-02-15 09:45:25.000000
540,Tongliao,23,2006-02-15 09:45:25.000000
541,Torren,60,2006-02-15 09:45:25.000000
542,Touliu,92,2006-02-15 09:45:25.000000
543,Toulon,34,2006-02-15 09:45:25.000000
544,Toulouse,34,2006-02-15 09:45:25.000000
545,Trshavn,32,2006-02-15 09:45:25.000000
546,Tsaotun,92,2006-02-15 09:45:25.000000
547,Tsuyama,50,2006-02-15 09:45:25.000000
548,Tuguegarao,75,2006-02-15 09:45:25.000000
549,Tychy,76,2006-02-15 09:45:25.000000
550,Udaipur,44,2006-02-15 09:45:25.000000
551,Udine,49,2006-02-15 09:45:25.000000
552,Ueda,50,2006-02-15 09:45:25.000000
553,Uijongbu,86,2006-02-15 09:45:25.000000
554,Uluberia,44,2006-02-15 09:45:25.000000
555,Urawa,50,2006-02-15 09:45:25.000000
556,Uruapan,60,2006-02-15 09:45:25.000000
557,Usak,97,2006-02-15 09:45:25.000000
558,Usolje-Sibirskoje,80,2006-02-15 09:45:25.000000
559,Uttarpara-Kotrung,44,2006-02-15 09:45:25.000000
560,Vaduz,55,2006-02-15 09:45:25.000000
561,Valencia,104,2006-02-15 09:45:25.000000
562,Valle de la Pascua,104,2006-02-15 09:45:25.000000
563,Valle de Santiago,60,2006-02-15 09:45:25.000000
564,Valparai,44,2006-02-15 09:45:25.000000
565,Vancouver,20,2006-02-15 09:45:25.000000
566,Varanasi (Benares),44,2006-02-15 09:45:25.000000
567,Vicente Lpez,6,2006-02-15 09:45:25.000000
568,Vijayawada,44,2006-02-15 09:45:25.000000
569,Vila Velha,15,2006-02-15 09:45:25.000000
570,Vilnius,56,2006-02-15 09:45:25.000000
571,Vinh,105,2006-02-15 09:45:25.000000
572,Vitria de Santo Anto,15,2006-02-15 09:45:25.000000
573,Warren,103,2006-02-15 09:45:25.000000
574,Weifang,23,2006-02-15 09:45:25.000000
575,Witten,38,2006-02-15 09:45:25.000000
576,Woodridge,8,2006-02-15 09:45:25.000000
577,Wroclaw,76,2006-02-15 09:45:25.000000
578,Xiangfan,23,2006-02-15 09:45:25.000000
579,Xiangtan,23,2006-02-15 09:45:25.000000
580,Xintai,23,2006-02-15 09:45:25.000000
581,Xinxiang,23,2006-02-15 09:45:25.000000
582,Yamuna Nagar,44,2006-02-15 09:45:25.000000
583,Yangor,65,2006-02-15 09:45:25.000000
584,Yantai,23,2006-02-15 09:45:25.000000
585,Yaound,19,2006-02-15 09:45:25.000000
586,Yerevan,7,2006-02-15 09:45:25.000000
587,Yinchuan,23,2006-02-15 09:45:25.000000
588,Yingkou,23,2006-02-15 09:45:25.000000
589,York,102,2006-02-15 09:45:25.000000
590,Yuncheng,23,2006-02-15 09:45:25.000000
591,Yuzhou,23,2006-02-15 09:45:25.000000
592,Zalantun,23,2006-02-15 09:45:25.000000
593,Zanzibar,93,2006-02-15 09:45:25.000000
594,Zaoyang,23,2006-02-15 09:45:25.000000
595,Zapopan,60,2006-02-15 09:45:25.000000
596,Zaria,69,2006-02-15 09:45:25.000000
597,Zeleznogorsk,80,2006-02-15 09:45:25.000000
598,Zhezqazghan,51,2006-02-15 09:45:25.000000
599,Zhoushan,23,2006-02-15 09:45:25.000000
600,Ziguinchor,83,2006-02-15 09:45:25.000000
